<annotation>
	<folder></folder>
	<filename>001000_173_png.rf.f04ee9d1d56230dcf9b943b97c1b1f31.jpg</filename>
	<path>001000_173_png.rf.f04ee9d1d56230dcf9b943b97c1b1f31.jpg</path>
	<source>
		<database>roboflow.com</database>
	</source>
	<size>
		<width>640</width>
		<height>640</height>
		<depth>3</depth>
	</size>
	<segmented>0</segmented>
	<object>
		<name>1000</name>
		<pose>Unspecified</pose>
		<truncated>0</truncated>
		<difficult>0</difficult>
		<occluded>0</occluded>
		<bndbox>
			<xmin>120</xmin>
			<xmax>488</xmax>
			<ymin>182</ymin>
			<ymax>548</ymax>
		</bndbox>
	</object>
</annotation>
