<annotation>
	<folder></folder>
	<filename>001000_39_png.rf.0d59c18c1f227c15f2633bc0cbb26b28.jpg</filename>
	<path>001000_39_png.rf.0d59c18c1f227c15f2633bc0cbb26b28.jpg</path>
	<source>
		<database>roboflow.com</database>
	</source>
	<size>
		<width>640</width>
		<height>640</height>
		<depth>3</depth>
	</size>
	<segmented>0</segmented>
	<object>
		<name>1000</name>
		<pose>Unspecified</pose>
		<truncated>0</truncated>
		<difficult>0</difficult>
		<occluded>0</occluded>
		<bndbox>
			<xmin>280</xmin>
			<xmax>641</xmax>
			<ymin>108</ymin>
			<ymax>639</ymax>
		</bndbox>
	</object>
</annotation>
