<annotation>
	<folder></folder>
	<filename>001000_170_png.rf.ca85fe9c722c9ca4a7d36a43b033e6da.jpg</filename>
	<path>001000_170_png.rf.ca85fe9c722c9ca4a7d36a43b033e6da.jpg</path>
	<source>
		<database>roboflow.com</database>
	</source>
	<size>
		<width>640</width>
		<height>640</height>
		<depth>3</depth>
	</size>
	<segmented>0</segmented>
	<object>
		<name>1000</name>
		<pose>Unspecified</pose>
		<truncated>0</truncated>
		<difficult>0</difficult>
		<occluded>0</occluded>
		<bndbox>
			<xmin>134</xmin>
			<xmax>397</xmax>
			<ymin>75</ymin>
			<ymax>451</ymax>
		</bndbox>
	</object>
</annotation>
