<annotation>
	<folder></folder>
	<filename>001000_6_png.rf.a4a754f80c2207daeae8afe4e7e4906f.jpg</filename>
	<path>001000_6_png.rf.a4a754f80c2207daeae8afe4e7e4906f.jpg</path>
	<source>
		<database>roboflow.com</database>
	</source>
	<size>
		<width>640</width>
		<height>640</height>
		<depth>3</depth>
	</size>
	<segmented>0</segmented>
	<object>
		<name>1000</name>
		<pose>Unspecified</pose>
		<truncated>0</truncated>
		<difficult>0</difficult>
		<occluded>0</occluded>
		<bndbox>
			<xmin>158</xmin>
			<xmax>527</xmax>
			<ymin>223</ymin>
			<ymax>608</ymax>
		</bndbox>
	</object>
</annotation>
