<annotation>
	<folder></folder>
	<filename>001000_174_png.rf.9e09e17094a5cfd643dc97f0bf7b990f.jpg</filename>
	<path>001000_174_png.rf.9e09e17094a5cfd643dc97f0bf7b990f.jpg</path>
	<source>
		<database>roboflow.com</database>
	</source>
	<size>
		<width>640</width>
		<height>640</height>
		<depth>3</depth>
	</size>
	<segmented>0</segmented>
	<object>
		<name>1000</name>
		<pose>Unspecified</pose>
		<truncated>0</truncated>
		<difficult>0</difficult>
		<occluded>0</occluded>
		<bndbox>
			<xmin>122</xmin>
			<xmax>473</xmax>
			<ymin>99</ymin>
			<ymax>481</ymax>
		</bndbox>
	</object>
</annotation>
