<annotation>
	<folder></folder>
	<filename>001000_173_png.rf.031ba036dc5e53ad731ae336f95960b7.jpg</filename>
	<path>001000_173_png.rf.031ba036dc5e53ad731ae336f95960b7.jpg</path>
	<source>
		<database>roboflow.com</database>
	</source>
	<size>
		<width>640</width>
		<height>640</height>
		<depth>3</depth>
	</size>
	<segmented>0</segmented>
	<object>
		<name>1000</name>
		<pose>Unspecified</pose>
		<truncated>0</truncated>
		<difficult>0</difficult>
		<occluded>0</occluded>
		<bndbox>
			<xmin>115</xmin>
			<xmax>466</xmax>
			<ymin>155</ymin>
			<ymax>518</ymax>
		</bndbox>
	</object>
</annotation>
