<annotation>
	<folder></folder>
	<filename>001000_169_png.rf.36d531037347bc9817ae7f5784fdd633.jpg</filename>
	<path>001000_169_png.rf.36d531037347bc9817ae7f5784fdd633.jpg</path>
	<source>
		<database>roboflow.com</database>
	</source>
	<size>
		<width>640</width>
		<height>640</height>
		<depth>3</depth>
	</size>
	<segmented>0</segmented>
	<object>
		<name>1000</name>
		<pose>Unspecified</pose>
		<truncated>0</truncated>
		<difficult>0</difficult>
		<occluded>0</occluded>
		<bndbox>
			<xmin>200</xmin>
			<xmax>601</xmax>
			<ymin>117</ymin>
			<ymax>396</ymax>
		</bndbox>
	</object>
</annotation>
