<annotation>
	<folder></folder>
	<filename>001000_61_png.rf.4917f230881ce447a7baf6af3855e569.jpg</filename>
	<path>001000_61_png.rf.4917f230881ce447a7baf6af3855e569.jpg</path>
	<source>
		<database>roboflow.com</database>
	</source>
	<size>
		<width>640</width>
		<height>640</height>
		<depth>3</depth>
	</size>
	<segmented>0</segmented>
	<object>
		<name>1000</name>
		<pose>Unspecified</pose>
		<truncated>0</truncated>
		<difficult>0</difficult>
		<occluded>0</occluded>
		<bndbox>
			<xmin>283</xmin>
			<xmax>641</xmax>
			<ymin>127</ymin>
			<ymax>593</ymax>
		</bndbox>
	</object>
</annotation>
