<annotation>
	<folder></folder>
	<filename>001000_32_png.rf.273fc6acdebcbc9ae570da8950bd8333.jpg</filename>
	<path>001000_32_png.rf.273fc6acdebcbc9ae570da8950bd8333.jpg</path>
	<source>
		<database>roboflow.com</database>
	</source>
	<size>
		<width>640</width>
		<height>640</height>
		<depth>3</depth>
	</size>
	<segmented>0</segmented>
	<object>
		<name>1000</name>
		<pose>Unspecified</pose>
		<truncated>0</truncated>
		<difficult>0</difficult>
		<occluded>0</occluded>
		<bndbox>
			<xmin>301</xmin>
			<xmax>641</xmax>
			<ymin>114</ymin>
			<ymax>622</ymax>
		</bndbox>
	</object>
</annotation>
