<annotation>
	<folder></folder>
	<filename>001000_20_png.rf.fc00303cecf4079d4b7ca8bcf50fac57.jpg</filename>
	<path>001000_20_png.rf.fc00303cecf4079d4b7ca8bcf50fac57.jpg</path>
	<source>
		<database>roboflow.com</database>
	</source>
	<size>
		<width>640</width>
		<height>640</height>
		<depth>3</depth>
	</size>
	<segmented>0</segmented>
	<object>
		<name>1000</name>
		<pose>Unspecified</pose>
		<truncated>0</truncated>
		<difficult>0</difficult>
		<occluded>0</occluded>
		<bndbox>
			<xmin>98</xmin>
			<xmax>565</xmax>
			<ymin>94</ymin>
			<ymax>387</ymax>
		</bndbox>
	</object>
</annotation>
