<annotation>
	<folder></folder>
	<filename>001000_171_png.rf.5909caef645e04eac35950913aa45cf3.jpg</filename>
	<path>001000_171_png.rf.5909caef645e04eac35950913aa45cf3.jpg</path>
	<source>
		<database>roboflow.com</database>
	</source>
	<size>
		<width>640</width>
		<height>640</height>
		<depth>3</depth>
	</size>
	<segmented>0</segmented>
	<object>
		<name>1000</name>
		<pose>Unspecified</pose>
		<truncated>0</truncated>
		<difficult>0</difficult>
		<occluded>0</occluded>
		<bndbox>
			<xmin>119</xmin>
			<xmax>472</xmax>
			<ymin>274</ymin>
			<ymax>535</ymax>
		</bndbox>
	</object>
</annotation>
