<annotation>
	<folder></folder>
	<filename>001000_42_png.rf.495d4031511e608f967cf59771bf66fb.jpg</filename>
	<path>001000_42_png.rf.495d4031511e608f967cf59771bf66fb.jpg</path>
	<source>
		<database>roboflow.com</database>
	</source>
	<size>
		<width>640</width>
		<height>640</height>
		<depth>3</depth>
	</size>
	<segmented>0</segmented>
	<object>
		<name>1000</name>
		<pose>Unspecified</pose>
		<truncated>0</truncated>
		<difficult>0</difficult>
		<occluded>0</occluded>
		<bndbox>
			<xmin>1</xmin>
			<xmax>410</xmax>
			<ymin>353</ymin>
			<ymax>641</ymax>
		</bndbox>
	</object>
</annotation>
