<annotation>
	<folder></folder>
	<filename>001000_33_png.rf.becc7173fe709f6dabbc6540e3fdfb53.jpg</filename>
	<path>001000_33_png.rf.becc7173fe709f6dabbc6540e3fdfb53.jpg</path>
	<source>
		<database>roboflow.com</database>
	</source>
	<size>
		<width>640</width>
		<height>640</height>
		<depth>3</depth>
	</size>
	<segmented>0</segmented>
	<object>
		<name>1000</name>
		<pose>Unspecified</pose>
		<truncated>0</truncated>
		<difficult>0</difficult>
		<occluded>0</occluded>
		<bndbox>
			<xmin>140</xmin>
			<xmax>597</xmax>
			<ymin>4</ymin>
			<ymax>331</ymax>
		</bndbox>
	</object>
</annotation>
