<annotation>
	<folder></folder>
	<filename>001000_176_png.rf.cb5261ad124ef9d2e278e10dce48e33b.jpg</filename>
	<path>001000_176_png.rf.cb5261ad124ef9d2e278e10dce48e33b.jpg</path>
	<source>
		<database>roboflow.com</database>
	</source>
	<size>
		<width>640</width>
		<height>640</height>
		<depth>3</depth>
	</size>
	<segmented>0</segmented>
	<object>
		<name>1000</name>
		<pose>Unspecified</pose>
		<truncated>0</truncated>
		<difficult>0</difficult>
		<occluded>0</occluded>
		<bndbox>
			<xmin>145</xmin>
			<xmax>620</xmax>
			<ymin>218</ymin>
			<ymax>517</ymax>
		</bndbox>
	</object>
</annotation>
