<annotation>
	<folder></folder>
	<filename>001000_23_png.rf.33ec796be3df62915cd1395f78dc1334.jpg</filename>
	<path>001000_23_png.rf.33ec796be3df62915cd1395f78dc1334.jpg</path>
	<source>
		<database>roboflow.com</database>
	</source>
	<size>
		<width>640</width>
		<height>640</height>
		<depth>3</depth>
	</size>
	<segmented>0</segmented>
	<object>
		<name>1000</name>
		<pose>Unspecified</pose>
		<truncated>0</truncated>
		<difficult>0</difficult>
		<occluded>0</occluded>
		<bndbox>
			<xmin>45</xmin>
			<xmax>412</xmax>
			<ymin>37</ymin>
			<ymax>601</ymax>
		</bndbox>
	</object>
</annotation>
