<annotation>
	<folder></folder>
	<filename>001000_40_png.rf.c629eb2d26d95cabdae44236c6d81160.jpg</filename>
	<path>001000_40_png.rf.c629eb2d26d95cabdae44236c6d81160.jpg</path>
	<source>
		<database>roboflow.com</database>
	</source>
	<size>
		<width>640</width>
		<height>640</height>
		<depth>3</depth>
	</size>
	<segmented>0</segmented>
	<object>
		<name>1000</name>
		<pose>Unspecified</pose>
		<truncated>0</truncated>
		<difficult>0</difficult>
		<occluded>0</occluded>
		<bndbox>
			<xmin>302</xmin>
			<xmax>636</xmax>
			<ymin>150</ymin>
			<ymax>620</ymax>
		</bndbox>
	</object>
</annotation>
