<annotation>
	<folder></folder>
	<filename>001000_175_png.rf.8a486ffcf57903d980e2cda58e176ebc.jpg</filename>
	<path>001000_175_png.rf.8a486ffcf57903d980e2cda58e176ebc.jpg</path>
	<source>
		<database>roboflow.com</database>
	</source>
	<size>
		<width>640</width>
		<height>640</height>
		<depth>3</depth>
	</size>
	<segmented>0</segmented>
	<object>
		<name>1000</name>
		<pose>Unspecified</pose>
		<truncated>0</truncated>
		<difficult>0</difficult>
		<occluded>0</occluded>
		<bndbox>
			<xmin>160</xmin>
			<xmax>515</xmax>
			<ymin>115</ymin>
			<ymax>559</ymax>
		</bndbox>
	</object>
</annotation>
