<annotation>
	<folder></folder>
	<filename>001000_177_png.rf.70a52503076f6a45aca8a001cd866366.jpg</filename>
	<path>001000_177_png.rf.70a52503076f6a45aca8a001cd866366.jpg</path>
	<source>
		<database>roboflow.com</database>
	</source>
	<size>
		<width>640</width>
		<height>640</height>
		<depth>3</depth>
	</size>
	<segmented>0</segmented>
	<object>
		<name>1000</name>
		<pose>Unspecified</pose>
		<truncated>0</truncated>
		<difficult>0</difficult>
		<occluded>0</occluded>
		<bndbox>
			<xmin>124</xmin>
			<xmax>413</xmax>
			<ymin>153</ymin>
			<ymax>617</ymax>
		</bndbox>
	</object>
</annotation>
