<annotation>
	<folder></folder>
	<filename>001000_41_png.rf.685a76477a6349df781a552a466d8ec1.jpg</filename>
	<path>001000_41_png.rf.685a76477a6349df781a552a466d8ec1.jpg</path>
	<source>
		<database>roboflow.com</database>
	</source>
	<size>
		<width>640</width>
		<height>640</height>
		<depth>3</depth>
	</size>
	<segmented>0</segmented>
	<object>
		<name>1000</name>
		<pose>Unspecified</pose>
		<truncated>0</truncated>
		<difficult>0</difficult>
		<occluded>0</occluded>
		<bndbox>
			<xmin>206</xmin>
			<xmax>590</xmax>
			<ymin>33</ymin>
			<ymax>318</ymax>
		</bndbox>
	</object>
</annotation>
