<annotation>
	<folder></folder>
	<filename>001000_40_png.rf.59e24ee37d5e27e180521da4f878c5f8.jpg</filename>
	<path>001000_40_png.rf.59e24ee37d5e27e180521da4f878c5f8.jpg</path>
	<source>
		<database>roboflow.com</database>
	</source>
	<size>
		<width>640</width>
		<height>640</height>
		<depth>3</depth>
	</size>
	<segmented>0</segmented>
	<object>
		<name>1000</name>
		<pose>Unspecified</pose>
		<truncated>0</truncated>
		<difficult>0</difficult>
		<occluded>0</occluded>
		<bndbox>
			<xmin>150</xmin>
			<xmax>626</xmax>
			<ymin>7</ymin>
			<ymax>344</ymax>
		</bndbox>
	</object>
</annotation>
