<annotation>
	<folder></folder>
	<filename>001000_172_png.rf.c3d160fd376cc0115a19f17feb1d05da.jpg</filename>
	<path>001000_172_png.rf.c3d160fd376cc0115a19f17feb1d05da.jpg</path>
	<source>
		<database>roboflow.com</database>
	</source>
	<size>
		<width>640</width>
		<height>640</height>
		<depth>3</depth>
	</size>
	<segmented>0</segmented>
	<object>
		<name>1000</name>
		<pose>Unspecified</pose>
		<truncated>0</truncated>
		<difficult>0</difficult>
		<occluded>0</occluded>
		<bndbox>
			<xmin>104</xmin>
			<xmax>476</xmax>
			<ymin>203</ymin>
			<ymax>530</ymax>
		</bndbox>
	</object>
</annotation>
