<annotation>
	<folder></folder>
	<filename>001000_57_png.rf.424a965fa5e9e37e40aa6dd0cbff9f21.jpg</filename>
	<path>001000_57_png.rf.424a965fa5e9e37e40aa6dd0cbff9f21.jpg</path>
	<source>
		<database>roboflow.com</database>
	</source>
	<size>
		<width>640</width>
		<height>640</height>
		<depth>3</depth>
	</size>
	<segmented>0</segmented>
	<object>
		<name>1000</name>
		<pose>Unspecified</pose>
		<truncated>0</truncated>
		<difficult>0</difficult>
		<occluded>0</occluded>
		<bndbox>
			<xmin>106</xmin>
			<xmax>641</xmax>
			<ymin>143</ymin>
			<ymax>528</ymax>
		</bndbox>
	</object>
</annotation>
