<annotation>
	<folder></folder>
	<filename>001000_169_png.rf.023087e35ad31ee2efe319137af7c0da.jpg</filename>
	<path>001000_169_png.rf.023087e35ad31ee2efe319137af7c0da.jpg</path>
	<source>
		<database>roboflow.com</database>
	</source>
	<size>
		<width>640</width>
		<height>640</height>
		<depth>3</depth>
	</size>
	<segmented>0</segmented>
	<object>
		<name>1000</name>
		<pose>Unspecified</pose>
		<truncated>0</truncated>
		<difficult>0</difficult>
		<occluded>0</occluded>
		<bndbox>
			<xmin>120</xmin>
			<xmax>424</xmax>
			<ymin>31</ymin>
			<ymax>440</ymax>
		</bndbox>
	</object>
</annotation>
