<annotation>
	<folder></folder>
	<filename>001000_53_png.rf.621b5c6ad6b1aa5107b26c119cbcb08c.jpg</filename>
	<path>001000_53_png.rf.621b5c6ad6b1aa5107b26c119cbcb08c.jpg</path>
	<source>
		<database>roboflow.com</database>
	</source>
	<size>
		<width>640</width>
		<height>640</height>
		<depth>3</depth>
	</size>
	<segmented>0</segmented>
	<object>
		<name>1000</name>
		<pose>Unspecified</pose>
		<truncated>0</truncated>
		<difficult>0</difficult>
		<occluded>0</occluded>
		<bndbox>
			<xmin>127</xmin>
			<xmax>616</xmax>
			<ymin>79</ymin>
			<ymax>580</ymax>
		</bndbox>
	</object>
</annotation>
