<annotation>
	<folder></folder>
	<filename>001000_61_png.rf.cb29050bb3333c9252eccc438454276b.jpg</filename>
	<path>001000_61_png.rf.cb29050bb3333c9252eccc438454276b.jpg</path>
	<source>
		<database>roboflow.com</database>
	</source>
	<size>
		<width>640</width>
		<height>640</height>
		<depth>3</depth>
	</size>
	<segmented>0</segmented>
	<object>
		<name>1000</name>
		<pose>Unspecified</pose>
		<truncated>0</truncated>
		<difficult>0</difficult>
		<occluded>0</occluded>
		<bndbox>
			<xmin>1</xmin>
			<xmax>358</xmax>
			<ymin>86</ymin>
			<ymax>552</ymax>
		</bndbox>
	</object>
</annotation>
