<annotation>
	<folder></folder>
	<filename>001000_172_png.rf.252d1f9988e3dbff11875a9c84a691d9.jpg</filename>
	<path>001000_172_png.rf.252d1f9988e3dbff11875a9c84a691d9.jpg</path>
	<source>
		<database>roboflow.com</database>
	</source>
	<size>
		<width>640</width>
		<height>640</height>
		<depth>3</depth>
	</size>
	<segmented>0</segmented>
	<object>
		<name>1000</name>
		<pose>Unspecified</pose>
		<truncated>0</truncated>
		<difficult>0</difficult>
		<occluded>0</occluded>
		<bndbox>
			<xmin>150</xmin>
			<xmax>498</xmax>
			<ymin>110</ymin>
			<ymax>430</ymax>
		</bndbox>
	</object>
</annotation>
