<annotation>
	<folder></folder>
	<filename>001000_173_png.rf.1ba1b6431ca3a53488a375e28eed60f8.jpg</filename>
	<path>001000_173_png.rf.1ba1b6431ca3a53488a375e28eed60f8.jpg</path>
	<source>
		<database>roboflow.com</database>
	</source>
	<size>
		<width>640</width>
		<height>640</height>
		<depth>3</depth>
	</size>
	<segmented>0</segmented>
	<object>
		<name>1000</name>
		<pose>Unspecified</pose>
		<truncated>0</truncated>
		<difficult>0</difficult>
		<occluded>0</occluded>
		<bndbox>
			<xmin>143</xmin>
			<xmax>492</xmax>
			<ymin>121</ymin>
			<ymax>468</ymax>
		</bndbox>
	</object>
</annotation>
