<annotation>
	<folder></folder>
	<filename>001000_42_png.rf.14c40106c6ae5fb83bb07d655c32de0f.jpg</filename>
	<path>001000_42_png.rf.14c40106c6ae5fb83bb07d655c32de0f.jpg</path>
	<source>
		<database>roboflow.com</database>
	</source>
	<size>
		<width>640</width>
		<height>640</height>
		<depth>3</depth>
	</size>
	<segmented>0</segmented>
	<object>
		<name>1000</name>
		<pose>Unspecified</pose>
		<truncated>0</truncated>
		<difficult>0</difficult>
		<occluded>0</occluded>
		<bndbox>
			<xmin>361</xmin>
			<xmax>641</xmax>
			<ymin>177</ymin>
			<ymax>582</ymax>
		</bndbox>
	</object>
</annotation>
