<annotation>
	<folder></folder>
	<filename>001000_34_png.rf.0590b476f1616b3e7f52d408661fda04.jpg</filename>
	<path>001000_34_png.rf.0590b476f1616b3e7f52d408661fda04.jpg</path>
	<source>
		<database>roboflow.com</database>
	</source>
	<size>
		<width>640</width>
		<height>640</height>
		<depth>3</depth>
	</size>
	<segmented>0</segmented>
	<object>
		<name>1000</name>
		<pose>Unspecified</pose>
		<truncated>0</truncated>
		<difficult>0</difficult>
		<occluded>0</occluded>
		<bndbox>
			<xmin>124</xmin>
			<xmax>581</xmax>
			<ymin>6</ymin>
			<ymax>355</ymax>
		</bndbox>
	</object>
</annotation>
