<annotation>
	<folder></folder>
	<filename>001000_6_png.rf.e8335e733094c6b104f1be57fbba4746.jpg</filename>
	<path>001000_6_png.rf.e8335e733094c6b104f1be57fbba4746.jpg</path>
	<source>
		<database>roboflow.com</database>
	</source>
	<size>
		<width>640</width>
		<height>640</height>
		<depth>3</depth>
	</size>
	<segmented>0</segmented>
	<object>
		<name>1000</name>
		<pose>Unspecified</pose>
		<truncated>0</truncated>
		<difficult>0</difficult>
		<occluded>0</occluded>
		<bndbox>
			<xmin>116</xmin>
			<xmax>489</xmax>
			<ymin>35</ymin>
			<ymax>421</ymax>
		</bndbox>
	</object>
</annotation>
