<annotation>
	<folder></folder>
	<filename>001000_42_png.rf.05df69ecc5a9e58123ee2eca3285faac.jpg</filename>
	<path>001000_42_png.rf.05df69ecc5a9e58123ee2eca3285faac.jpg</path>
	<source>
		<database>roboflow.com</database>
	</source>
	<size>
		<width>640</width>
		<height>640</height>
		<depth>3</depth>
	</size>
	<segmented>0</segmented>
	<object>
		<name>1000</name>
		<pose>Unspecified</pose>
		<truncated>0</truncated>
		<difficult>0</difficult>
		<occluded>0</occluded>
		<bndbox>
			<xmin>206</xmin>
			<xmax>599</xmax>
			<ymin>1</ymin>
			<ymax>292</ymax>
		</bndbox>
	</object>
</annotation>
