<annotation>
	<folder></folder>
	<filename>001000_35_png.rf.cd27b13539ae7a6b24bb2e13fdb9a59e.jpg</filename>
	<path>001000_35_png.rf.cd27b13539ae7a6b24bb2e13fdb9a59e.jpg</path>
	<source>
		<database>roboflow.com</database>
	</source>
	<size>
		<width>640</width>
		<height>640</height>
		<depth>3</depth>
	</size>
	<segmented>0</segmented>
	<object>
		<name>1000</name>
		<pose>Unspecified</pose>
		<truncated>0</truncated>
		<difficult>0</difficult>
		<occluded>0</occluded>
		<bndbox>
			<xmin>74</xmin>
			<xmax>641</xmax>
			<ymin>1</ymin>
			<ymax>392</ymax>
		</bndbox>
	</object>
</annotation>
