<annotation>
	<folder></folder>
	<filename>001000_33_png.rf.1ae6cff53c165d90932be606be062658.jpg</filename>
	<path>001000_33_png.rf.1ae6cff53c165d90932be606be062658.jpg</path>
	<source>
		<database>roboflow.com</database>
	</source>
	<size>
		<width>640</width>
		<height>640</height>
		<depth>3</depth>
	</size>
	<segmented>0</segmented>
	<object>
		<name>1000</name>
		<pose>Unspecified</pose>
		<truncated>0</truncated>
		<difficult>0</difficult>
		<occluded>0</occluded>
		<bndbox>
			<xmin>322</xmin>
			<xmax>641</xmax>
			<ymin>158</ymin>
			<ymax>635</ymax>
		</bndbox>
	</object>
</annotation>
