<annotation>
	<folder></folder>
	<filename>001000_177_png.rf.ee4fbb58c1897279bb82fdb393726f7c.jpg</filename>
	<path>001000_177_png.rf.ee4fbb58c1897279bb82fdb393726f7c.jpg</path>
	<source>
		<database>roboflow.com</database>
	</source>
	<size>
		<width>640</width>
		<height>640</height>
		<depth>3</depth>
	</size>
	<segmented>0</segmented>
	<object>
		<name>1000</name>
		<pose>Unspecified</pose>
		<truncated>0</truncated>
		<difficult>0</difficult>
		<occluded>0</occluded>
		<bndbox>
			<xmin>223</xmin>
			<xmax>518</xmax>
			<ymin>1</ymin>
			<ymax>477</ymax>
		</bndbox>
	</object>
</annotation>
