<annotation>
	<folder></folder>
	<filename>001000_27_png.rf.adee47ecccdd6eaf121c48b7cee6022e.jpg</filename>
	<path>001000_27_png.rf.adee47ecccdd6eaf121c48b7cee6022e.jpg</path>
	<source>
		<database>roboflow.com</database>
	</source>
	<size>
		<width>640</width>
		<height>640</height>
		<depth>3</depth>
	</size>
	<segmented>0</segmented>
	<object>
		<name>1000</name>
		<pose>Unspecified</pose>
		<truncated>0</truncated>
		<difficult>0</difficult>
		<occluded>0</occluded>
		<bndbox>
			<xmin>328</xmin>
			<xmax>641</xmax>
			<ymin>169</ymin>
			<ymax>572</ymax>
		</bndbox>
	</object>
</annotation>
