<annotation>
	<folder></folder>
	<filename>001000_32_png.rf.9b5a26d2cb1cbbf19b1a805e4bf009c9.jpg</filename>
	<path>001000_32_png.rf.9b5a26d2cb1cbbf19b1a805e4bf009c9.jpg</path>
	<source>
		<database>roboflow.com</database>
	</source>
	<size>
		<width>640</width>
		<height>640</height>
		<depth>3</depth>
	</size>
	<segmented>0</segmented>
	<object>
		<name>1000</name>
		<pose>Unspecified</pose>
		<truncated>0</truncated>
		<difficult>0</difficult>
		<occluded>0</occluded>
		<bndbox>
			<xmin>290</xmin>
			<xmax>639</xmax>
			<ymin>103</ymin>
			<ymax>617</ymax>
		</bndbox>
	</object>
</annotation>
