<annotation>
	<folder></folder>
	<filename>001000_34_png.rf.758d662c201c36912ff83aa6fffe2647.jpg</filename>
	<path>001000_34_png.rf.758d662c201c36912ff83aa6fffe2647.jpg</path>
	<source>
		<database>roboflow.com</database>
	</source>
	<size>
		<width>640</width>
		<height>640</height>
		<depth>3</depth>
	</size>
	<segmented>0</segmented>
	<object>
		<name>1000</name>
		<pose>Unspecified</pose>
		<truncated>0</truncated>
		<difficult>0</difficult>
		<occluded>0</occluded>
		<bndbox>
			<xmin>32</xmin>
			<xmax>504</xmax>
			<ymin>281</ymin>
			<ymax>635</ymax>
		</bndbox>
	</object>
</annotation>
