<annotation>
	<folder></folder>
	<filename>001000_35_png.rf.fdd08461109ec4892f3270780d3d0791.jpg</filename>
	<path>001000_35_png.rf.fdd08461109ec4892f3270780d3d0791.jpg</path>
	<source>
		<database>roboflow.com</database>
	</source>
	<size>
		<width>640</width>
		<height>640</height>
		<depth>3</depth>
	</size>
	<segmented>0</segmented>
	<object>
		<name>1000</name>
		<pose>Unspecified</pose>
		<truncated>0</truncated>
		<difficult>0</difficult>
		<occluded>0</occluded>
		<bndbox>
			<xmin>6</xmin>
			<xmax>579</xmax>
			<ymin>250</ymin>
			<ymax>641</ymax>
		</bndbox>
	</object>
</annotation>
