<annotation>
	<folder></folder>
	<filename>001000_176_png.rf.27ae062e11dc37afedc7438721262840.jpg</filename>
	<path>001000_176_png.rf.27ae062e11dc37afedc7438721262840.jpg</path>
	<source>
		<database>roboflow.com</database>
	</source>
	<size>
		<width>640</width>
		<height>640</height>
		<depth>3</depth>
	</size>
	<segmented>0</segmented>
	<object>
		<name>1000</name>
		<pose>Unspecified</pose>
		<truncated>0</truncated>
		<difficult>0</difficult>
		<occluded>0</occluded>
		<bndbox>
			<xmin>123</xmin>
			<xmax>417</xmax>
			<ymin>131</ymin>
			<ymax>587</ymax>
		</bndbox>
	</object>
</annotation>
