<annotation>
	<folder></folder>
	<filename>001000_55_png.rf.058735d43b770d18cb670bf73f052f25.jpg</filename>
	<path>001000_55_png.rf.058735d43b770d18cb670bf73f052f25.jpg</path>
	<source>
		<database>roboflow.com</database>
	</source>
	<size>
		<width>640</width>
		<height>640</height>
		<depth>3</depth>
	</size>
	<segmented>0</segmented>
	<object>
		<name>1000</name>
		<pose>Unspecified</pose>
		<truncated>0</truncated>
		<difficult>0</difficult>
		<occluded>0</occluded>
		<bndbox>
			<xmin>224</xmin>
			<xmax>641</xmax>
			<ymin>73</ymin>
			<ymax>557</ymax>
		</bndbox>
	</object>
</annotation>
