<annotation>
	<folder></folder>
	<filename>001000_174_png.rf.ca0c244d9e9542b175fe780a951eba45.jpg</filename>
	<path>001000_174_png.rf.ca0c244d9e9542b175fe780a951eba45.jpg</path>
	<source>
		<database>roboflow.com</database>
	</source>
	<size>
		<width>640</width>
		<height>640</height>
		<depth>3</depth>
	</size>
	<segmented>0</segmented>
	<object>
		<name>1000</name>
		<pose>Unspecified</pose>
		<truncated>0</truncated>
		<difficult>0</difficult>
		<occluded>0</occluded>
		<bndbox>
			<xmin>156</xmin>
			<xmax>517</xmax>
			<ymin>169</ymin>
			<ymax>567</ymax>
		</bndbox>
	</object>
</annotation>
