<annotation>
	<folder></folder>
	<filename>001000_23_png.rf.80415c7aa3624f23f64e3026351b583d.jpg</filename>
	<path>001000_23_png.rf.80415c7aa3624f23f64e3026351b583d.jpg</path>
	<source>
		<database>roboflow.com</database>
	</source>
	<size>
		<width>640</width>
		<height>640</height>
		<depth>3</depth>
	</size>
	<segmented>0</segmented>
	<object>
		<name>1000</name>
		<pose>Unspecified</pose>
		<truncated>0</truncated>
		<difficult>0</difficult>
		<occluded>0</occluded>
		<bndbox>
			<xmin>71</xmin>
			<xmax>457</xmax>
			<ymin>10</ymin>
			<ymax>578</ymax>
		</bndbox>
	</object>
</annotation>
