<annotation>
	<folder></folder>
	<filename>001000_172_png.rf.1abef64941928106b20048b946064698.jpg</filename>
	<path>001000_172_png.rf.1abef64941928106b20048b946064698.jpg</path>
	<source>
		<database>roboflow.com</database>
	</source>
	<size>
		<width>640</width>
		<height>640</height>
		<depth>3</depth>
	</size>
	<segmented>0</segmented>
	<object>
		<name>1000</name>
		<pose>Unspecified</pose>
		<truncated>0</truncated>
		<difficult>0</difficult>
		<occluded>0</occluded>
		<bndbox>
			<xmin>120</xmin>
			<xmax>490</xmax>
			<ymin>81</ymin>
			<ymax>421</ymax>
		</bndbox>
	</object>
</annotation>
