<annotation>
	<folder></folder>
	<filename>001000_177_png.rf.caebe6b7a1fd44216be6173c52a4ce0a.jpg</filename>
	<path>001000_177_png.rf.caebe6b7a1fd44216be6173c52a4ce0a.jpg</path>
	<source>
		<database>roboflow.com</database>
	</source>
	<size>
		<width>640</width>
		<height>640</height>
		<depth>3</depth>
	</size>
	<segmented>0</segmented>
	<object>
		<name>1000</name>
		<pose>Unspecified</pose>
		<truncated>0</truncated>
		<difficult>0</difficult>
		<occluded>0</occluded>
		<bndbox>
			<xmin>28</xmin>
			<xmax>499</xmax>
			<ymin>125</ymin>
			<ymax>439</ymax>
		</bndbox>
	</object>
</annotation>
