<annotation>
	<folder></folder>
	<filename>001000_33_png.rf.c0ba97dacf2d4d10ff7c39b74466a28e.jpg</filename>
	<path>001000_33_png.rf.c0ba97dacf2d4d10ff7c39b74466a28e.jpg</path>
	<source>
		<database>roboflow.com</database>
	</source>
	<size>
		<width>640</width>
		<height>640</height>
		<depth>3</depth>
	</size>
	<segmented>0</segmented>
	<object>
		<name>1000</name>
		<pose>Unspecified</pose>
		<truncated>0</truncated>
		<difficult>0</difficult>
		<occluded>0</occluded>
		<bndbox>
			<xmin>294</xmin>
			<xmax>633</xmax>
			<ymin>140</ymin>
			<ymax>598</ymax>
		</bndbox>
	</object>
</annotation>
