<annotation>
	<folder></folder>
	<filename>001000_53_png.rf.c25167406794887c1599f950f86e2ed0.jpg</filename>
	<path>001000_53_png.rf.c25167406794887c1599f950f86e2ed0.jpg</path>
	<source>
		<database>roboflow.com</database>
	</source>
	<size>
		<width>640</width>
		<height>640</height>
		<depth>3</depth>
	</size>
	<segmented>0</segmented>
	<object>
		<name>1000</name>
		<pose>Unspecified</pose>
		<truncated>0</truncated>
		<difficult>0</difficult>
		<occluded>0</occluded>
		<bndbox>
			<xmin>83</xmin>
			<xmax>568</xmax>
			<ymin>163</ymin>
			<ymax>641</ymax>
		</bndbox>
	</object>
</annotation>
