<annotation>
	<folder></folder>
	<filename>001000_39_png.rf.ef8313928a6695d96b1a4b2c1eb5d921.jpg</filename>
	<path>001000_39_png.rf.ef8313928a6695d96b1a4b2c1eb5d921.jpg</path>
	<source>
		<database>roboflow.com</database>
	</source>
	<size>
		<width>640</width>
		<height>640</height>
		<depth>3</depth>
	</size>
	<segmented>0</segmented>
	<object>
		<name>1000</name>
		<pose>Unspecified</pose>
		<truncated>0</truncated>
		<difficult>0</difficult>
		<occluded>0</occluded>
		<bndbox>
			<xmin>112</xmin>
			<xmax>641</xmax>
			<ymin>2</ymin>
			<ymax>365</ymax>
		</bndbox>
	</object>
</annotation>
