<annotation>
	<folder></folder>
	<filename>001000_32_png.rf.5504fe7ca8a3e9cb057dd88fedf85599.jpg</filename>
	<path>001000_32_png.rf.5504fe7ca8a3e9cb057dd88fedf85599.jpg</path>
	<source>
		<database>roboflow.com</database>
	</source>
	<size>
		<width>640</width>
		<height>640</height>
		<depth>3</depth>
	</size>
	<segmented>0</segmented>
	<object>
		<name>1000</name>
		<pose>Unspecified</pose>
		<truncated>0</truncated>
		<difficult>0</difficult>
		<occluded>0</occluded>
		<bndbox>
			<xmin>118</xmin>
			<xmax>624</xmax>
			<ymin>1</ymin>
			<ymax>341</ymax>
		</bndbox>
	</object>
</annotation>
