<annotation>
	<folder></folder>
	<filename>001000_175_png.rf.ef3dbc240538060e344dd41e4ddc8555.jpg</filename>
	<path>001000_175_png.rf.ef3dbc240538060e344dd41e4ddc8555.jpg</path>
	<source>
		<database>roboflow.com</database>
	</source>
	<size>
		<width>640</width>
		<height>640</height>
		<depth>3</depth>
	</size>
	<segmented>0</segmented>
	<object>
		<name>1000</name>
		<pose>Unspecified</pose>
		<truncated>0</truncated>
		<difficult>0</difficult>
		<occluded>0</occluded>
		<bndbox>
			<xmin>109</xmin>
			<xmax>545</xmax>
			<ymin>121</ymin>
			<ymax>454</ymax>
		</bndbox>
	</object>
</annotation>
