<annotation>
	<folder></folder>
	<filename>001000_55_png.rf.af70142476c30988987ba40fa1fed498.jpg</filename>
	<path>001000_55_png.rf.af70142476c30988987ba40fa1fed498.jpg</path>
	<source>
		<database>roboflow.com</database>
	</source>
	<size>
		<width>640</width>
		<height>640</height>
		<depth>3</depth>
	</size>
	<segmented>0</segmented>
	<object>
		<name>1000</name>
		<pose>Unspecified</pose>
		<truncated>0</truncated>
		<difficult>0</difficult>
		<occluded>0</occluded>
		<bndbox>
			<xmin>8</xmin>
			<xmax>464</xmax>
			<ymin>86</ymin>
			<ymax>572</ymax>
		</bndbox>
	</object>
</annotation>
