<annotation>
	<folder></folder>
	<filename>001000_34_png.rf.0bf598fa733906358a4a8c0d33042cc4.jpg</filename>
	<path>001000_34_png.rf.0bf598fa733906358a4a8c0d33042cc4.jpg</path>
	<source>
		<database>roboflow.com</database>
	</source>
	<size>
		<width>640</width>
		<height>640</height>
		<depth>3</depth>
	</size>
	<segmented>0</segmented>
	<object>
		<name>1000</name>
		<pose>Unspecified</pose>
		<truncated>0</truncated>
		<difficult>0</difficult>
		<occluded>0</occluded>
		<bndbox>
			<xmin>78</xmin>
			<xmax>554</xmax>
			<ymin>260</ymin>
			<ymax>632</ymax>
		</bndbox>
	</object>
</annotation>
