<annotation>
	<folder></folder>
	<filename>001000_41_png.rf.9b74f053dccb0b195e117d5315f8469e.jpg</filename>
	<path>001000_41_png.rf.9b74f053dccb0b195e117d5315f8469e.jpg</path>
	<source>
		<database>roboflow.com</database>
	</source>
	<size>
		<width>640</width>
		<height>640</height>
		<depth>3</depth>
	</size>
	<segmented>0</segmented>
	<object>
		<name>1000</name>
		<pose>Unspecified</pose>
		<truncated>0</truncated>
		<difficult>0</difficult>
		<occluded>0</occluded>
		<bndbox>
			<xmin>281</xmin>
			<xmax>571</xmax>
			<ymin>175</ymin>
			<ymax>558</ymax>
		</bndbox>
	</object>
</annotation>
