<annotation>
	<folder></folder>
	<filename>001000_175_png.rf.6a9bbb2a2feea1f7108f9568ac85fc29.jpg</filename>
	<path>001000_175_png.rf.6a9bbb2a2feea1f7108f9568ac85fc29.jpg</path>
	<source>
		<database>roboflow.com</database>
	</source>
	<size>
		<width>640</width>
		<height>640</height>
		<depth>3</depth>
	</size>
	<segmented>0</segmented>
	<object>
		<name>1000</name>
		<pose>Unspecified</pose>
		<truncated>0</truncated>
		<difficult>0</difficult>
		<occluded>0</occluded>
		<bndbox>
			<xmin>119</xmin>
			<xmax>442</xmax>
			<ymin>107</ymin>
			<ymax>536</ymax>
		</bndbox>
	</object>
</annotation>
