<annotation>
	<folder></folder>
	<filename>001000_20_png.rf.6fec909b243ded306ba9ab704dc9a923.jpg</filename>
	<path>001000_20_png.rf.6fec909b243ded306ba9ab704dc9a923.jpg</path>
	<source>
		<database>roboflow.com</database>
	</source>
	<size>
		<width>640</width>
		<height>640</height>
		<depth>3</depth>
	</size>
	<segmented>0</segmented>
	<object>
		<name>1000</name>
		<pose>Unspecified</pose>
		<truncated>0</truncated>
		<difficult>0</difficult>
		<occluded>0</occluded>
		<bndbox>
			<xmin>96</xmin>
			<xmax>556</xmax>
			<ymin>93</ymin>
			<ymax>384</ymax>
		</bndbox>
	</object>
</annotation>
