<annotation>
	<folder></folder>
	<filename>001000_169_png.rf.e2c0db3e7e2d360a0a82087b0db107ae.jpg</filename>
	<path>001000_169_png.rf.e2c0db3e7e2d360a0a82087b0db107ae.jpg</path>
	<source>
		<database>roboflow.com</database>
	</source>
	<size>
		<width>640</width>
		<height>640</height>
		<depth>3</depth>
	</size>
	<segmented>0</segmented>
	<object>
		<name>1000</name>
		<pose>Unspecified</pose>
		<truncated>0</truncated>
		<difficult>0</difficult>
		<occluded>0</occluded>
		<bndbox>
			<xmin>210</xmin>
			<xmax>636</xmax>
			<ymin>127</ymin>
			<ymax>423</ymax>
		</bndbox>
	</object>
</annotation>
