<annotation>
	<folder></folder>
	<filename>001000_20_png.rf.c8344ea4e20cd6f5f02748349d67ba71.jpg</filename>
	<path>001000_20_png.rf.c8344ea4e20cd6f5f02748349d67ba71.jpg</path>
	<source>
		<database>roboflow.com</database>
	</source>
	<size>
		<width>640</width>
		<height>640</height>
		<depth>3</depth>
	</size>
	<segmented>0</segmented>
	<object>
		<name>1000</name>
		<pose>Unspecified</pose>
		<truncated>0</truncated>
		<difficult>0</difficult>
		<occluded>0</occluded>
		<bndbox>
			<xmin>102</xmin>
			<xmax>583</xmax>
			<ymin>68</ymin>
			<ymax>379</ymax>
		</bndbox>
	</object>
</annotation>
