<annotation>
	<folder></folder>
	<filename>001000_174_png.rf.4553c810e8906158ecd970abddfab6ab.jpg</filename>
	<path>001000_174_png.rf.4553c810e8906158ecd970abddfab6ab.jpg</path>
	<source>
		<database>roboflow.com</database>
	</source>
	<size>
		<width>640</width>
		<height>640</height>
		<depth>3</depth>
	</size>
	<segmented>0</segmented>
	<object>
		<name>1000</name>
		<pose>Unspecified</pose>
		<truncated>0</truncated>
		<difficult>0</difficult>
		<occluded>0</occluded>
		<bndbox>
			<xmin>88</xmin>
			<xmax>467</xmax>
			<ymin>71</ymin>
			<ymax>474</ymax>
		</bndbox>
	</object>
</annotation>
