<annotation>
	<folder></folder>
	<filename>001000_3_png.rf.1c90b888c0baea2ac26a6df450ac6581.jpg</filename>
	<path>001000_3_png.rf.1c90b888c0baea2ac26a6df450ac6581.jpg</path>
	<source>
		<database>roboflow.com</database>
	</source>
	<size>
		<width>640</width>
		<height>640</height>
		<depth>3</depth>
	</size>
	<segmented>0</segmented>
	<object>
		<name>1000</name>
		<pose>Unspecified</pose>
		<truncated>0</truncated>
		<difficult>0</difficult>
		<occluded>0</occluded>
		<bndbox>
			<xmin>329</xmin>
			<xmax>633</xmax>
			<ymin>18</ymin>
			<ymax>447</ymax>
		</bndbox>
	</object>
</annotation>
