<annotation>
	<folder></folder>
	<filename>001000_35_png.rf.48139d7b8a8ff48989421924354ec256.jpg</filename>
	<path>001000_35_png.rf.48139d7b8a8ff48989421924354ec256.jpg</path>
	<source>
		<database>roboflow.com</database>
	</source>
	<size>
		<width>640</width>
		<height>640</height>
		<depth>3</depth>
	</size>
	<segmented>0</segmented>
	<object>
		<name>1000</name>
		<pose>Unspecified</pose>
		<truncated>0</truncated>
		<difficult>0</difficult>
		<occluded>0</occluded>
		<bndbox>
			<xmin>70</xmin>
			<xmax>641</xmax>
			<ymin>1</ymin>
			<ymax>389</ymax>
		</bndbox>
	</object>
</annotation>
