<annotation>
	<folder></folder>
	<filename>001000_176_png.rf.d3b0dfc66781f9a67c0d47cfd0a29b4f.jpg</filename>
	<path>001000_176_png.rf.d3b0dfc66781f9a67c0d47cfd0a29b4f.jpg</path>
	<source>
		<database>roboflow.com</database>
	</source>
	<size>
		<width>640</width>
		<height>640</height>
		<depth>3</depth>
	</size>
	<segmented>0</segmented>
	<object>
		<name>1000</name>
		<pose>Unspecified</pose>
		<truncated>0</truncated>
		<difficult>0</difficult>
		<occluded>0</occluded>
		<bndbox>
			<xmin>85</xmin>
			<xmax>409</xmax>
			<ymin>134</ymin>
			<ymax>597</ymax>
		</bndbox>
	</object>
</annotation>
