<annotation>
	<folder></folder>
	<filename>001000_27_png.rf.15bed6f41677e7bb9689e6c80f0c0bd5.jpg</filename>
	<path>001000_27_png.rf.15bed6f41677e7bb9689e6c80f0c0bd5.jpg</path>
	<source>
		<database>roboflow.com</database>
	</source>
	<size>
		<width>640</width>
		<height>640</height>
		<depth>3</depth>
	</size>
	<segmented>0</segmented>
	<object>
		<name>1000</name>
		<pose>Unspecified</pose>
		<truncated>0</truncated>
		<difficult>0</difficult>
		<occluded>0</occluded>
		<bndbox>
			<xmin>179</xmin>
			<xmax>578</xmax>
			<ymin>23</ymin>
			<ymax>329</ymax>
		</bndbox>
	</object>
</annotation>
