<annotation>
	<folder></folder>
	<filename>001000_23_png.rf.8f13110b7c6d9f3d028edf494d47f147.jpg</filename>
	<path>001000_23_png.rf.8f13110b7c6d9f3d028edf494d47f147.jpg</path>
	<source>
		<database>roboflow.com</database>
	</source>
	<size>
		<width>640</width>
		<height>640</height>
		<depth>3</depth>
	</size>
	<segmented>0</segmented>
	<object>
		<name>1000</name>
		<pose>Unspecified</pose>
		<truncated>0</truncated>
		<difficult>0</difficult>
		<occluded>0</occluded>
		<bndbox>
			<xmin>60</xmin>
			<xmax>609</xmax>
			<ymin>69</ymin>
			<ymax>413</ymax>
		</bndbox>
	</object>
</annotation>
