<annotation>
	<folder></folder>
	<filename>001000_170_png.rf.a85004e4c05cfa8be9ec12b73ff174e2.jpg</filename>
	<path>001000_170_png.rf.a85004e4c05cfa8be9ec12b73ff174e2.jpg</path>
	<source>
		<database>roboflow.com</database>
	</source>
	<size>
		<width>640</width>
		<height>640</height>
		<depth>3</depth>
	</size>
	<segmented>0</segmented>
	<object>
		<name>1000</name>
		<pose>Unspecified</pose>
		<truncated>0</truncated>
		<difficult>0</difficult>
		<occluded>0</occluded>
		<bndbox>
			<xmin>207</xmin>
			<xmax>573</xmax>
			<ymin>104</ymin>
			<ymax>367</ymax>
		</bndbox>
	</object>
</annotation>
