<annotation>
	<folder></folder>
	<filename>001000_53_png.rf.77f3d27e6dbc0cbfb6445fb2058f6f98.jpg</filename>
	<path>001000_53_png.rf.77f3d27e6dbc0cbfb6445fb2058f6f98.jpg</path>
	<source>
		<database>roboflow.com</database>
	</source>
	<size>
		<width>640</width>
		<height>640</height>
		<depth>3</depth>
	</size>
	<segmented>0</segmented>
	<object>
		<name>1000</name>
		<pose>Unspecified</pose>
		<truncated>0</truncated>
		<difficult>0</difficult>
		<occluded>0</occluded>
		<bndbox>
			<xmin>159</xmin>
			<xmax>620</xmax>
			<ymin>71</ymin>
			<ymax>548</ymax>
		</bndbox>
	</object>
</annotation>
