<annotation>
	<folder></folder>
	<filename>001000_3_png.rf.61651d0787bf977d7df6f1cca09324ac.jpg</filename>
	<path>001000_3_png.rf.61651d0787bf977d7df6f1cca09324ac.jpg</path>
	<source>
		<database>roboflow.com</database>
	</source>
	<size>
		<width>640</width>
		<height>640</height>
		<depth>3</depth>
	</size>
	<segmented>0</segmented>
	<object>
		<name>1000</name>
		<pose>Unspecified</pose>
		<truncated>0</truncated>
		<difficult>0</difficult>
		<occluded>0</occluded>
		<bndbox>
			<xmin>209</xmin>
			<xmax>641</xmax>
			<ymin>321</ymin>
			<ymax>630</ymax>
		</bndbox>
	</object>
</annotation>
