<annotation>
	<folder></folder>
	<filename>001000_3_png.rf.50fedd09e6d72b2a878d525ba71da054.jpg</filename>
	<path>001000_3_png.rf.50fedd09e6d72b2a878d525ba71da054.jpg</path>
	<source>
		<database>roboflow.com</database>
	</source>
	<size>
		<width>640</width>
		<height>640</height>
		<depth>3</depth>
	</size>
	<segmented>0</segmented>
	<object>
		<name>1000</name>
		<pose>Unspecified</pose>
		<truncated>0</truncated>
		<difficult>0</difficult>
		<occluded>0</occluded>
		<bndbox>
			<xmin>12</xmin>
			<xmax>446</xmax>
			<ymin>1</ymin>
			<ymax>313</ymax>
		</bndbox>
	</object>
</annotation>
