<annotation>
	<folder></folder>
	<filename>001000_57_png.rf.6f88891c58c02fe7cc29acc655ec7394.jpg</filename>
	<path>001000_57_png.rf.6f88891c58c02fe7cc29acc655ec7394.jpg</path>
	<source>
		<database>roboflow.com</database>
	</source>
	<size>
		<width>640</width>
		<height>640</height>
		<depth>3</depth>
	</size>
	<segmented>0</segmented>
	<object>
		<name>1000</name>
		<pose>Unspecified</pose>
		<truncated>0</truncated>
		<difficult>0</difficult>
		<occluded>0</occluded>
		<bndbox>
			<xmin>140</xmin>
			<xmax>502</xmax>
			<ymin>7</ymin>
			<ymax>569</ymax>
		</bndbox>
	</object>
</annotation>
