<annotation>
	<folder></folder>
	<filename>001000_39_png.rf.fb8555be8810946401d29addd38cb3d5.jpg</filename>
	<path>001000_39_png.rf.fb8555be8810946401d29addd38cb3d5.jpg</path>
	<source>
		<database>roboflow.com</database>
	</source>
	<size>
		<width>640</width>
		<height>640</height>
		<depth>3</depth>
	</size>
	<segmented>0</segmented>
	<object>
		<name>1000</name>
		<pose>Unspecified</pose>
		<truncated>0</truncated>
		<difficult>0</difficult>
		<occluded>0</occluded>
		<bndbox>
			<xmin>1</xmin>
			<xmax>524</xmax>
			<ymin>277</ymin>
			<ymax>641</ymax>
		</bndbox>
	</object>
</annotation>
