<annotation>
	<folder></folder>
	<filename>001000_55_png.rf.942de110abf84e748f152e095a27aec4.jpg</filename>
	<path>001000_55_png.rf.942de110abf84e748f152e095a27aec4.jpg</path>
	<source>
		<database>roboflow.com</database>
	</source>
	<size>
		<width>640</width>
		<height>640</height>
		<depth>3</depth>
	</size>
	<segmented>0</segmented>
	<object>
		<name>1000</name>
		<pose>Unspecified</pose>
		<truncated>0</truncated>
		<difficult>0</difficult>
		<occluded>0</occluded>
		<bndbox>
			<xmin>59</xmin>
			<xmax>560</xmax>
			<ymin>217</ymin>
			<ymax>640</ymax>
		</bndbox>
	</object>
</annotation>
