<annotation>
	<folder></folder>
	<filename>001000_27_png.rf.e77f9f7b91338b35b8edd4725419079e.jpg</filename>
	<path>001000_27_png.rf.e77f9f7b91338b35b8edd4725419079e.jpg</path>
	<source>
		<database>roboflow.com</database>
	</source>
	<size>
		<width>640</width>
		<height>640</height>
		<depth>3</depth>
	</size>
	<segmented>0</segmented>
	<object>
		<name>1000</name>
		<pose>Unspecified</pose>
		<truncated>0</truncated>
		<difficult>0</difficult>
		<occluded>0</occluded>
		<bndbox>
			<xmin>318</xmin>
			<xmax>636</xmax>
			<ymin>154</ymin>
			<ymax>565</ymax>
		</bndbox>
	</object>
</annotation>
