<annotation>
	<folder></folder>
	<filename>001000_41_png.rf.1aca62cff4d1509d107da556e65ac761.jpg</filename>
	<path>001000_41_png.rf.1aca62cff4d1509d107da556e65ac761.jpg</path>
	<source>
		<database>roboflow.com</database>
	</source>
	<size>
		<width>640</width>
		<height>640</height>
		<depth>3</depth>
	</size>
	<segmented>0</segmented>
	<object>
		<name>1000</name>
		<pose>Unspecified</pose>
		<truncated>0</truncated>
		<difficult>0</difficult>
		<occluded>0</occluded>
		<bndbox>
			<xmin>202</xmin>
			<xmax>573</xmax>
			<ymin>59</ymin>
			<ymax>328</ymax>
		</bndbox>
	</object>
</annotation>
