<annotation>
	<folder></folder>
	<filename>001000_171_png.rf.71466fb0147f26799e1a4bfb772371a2.jpg</filename>
	<path>001000_171_png.rf.71466fb0147f26799e1a4bfb772371a2.jpg</path>
	<source>
		<database>roboflow.com</database>
	</source>
	<size>
		<width>640</width>
		<height>640</height>
		<depth>3</depth>
	</size>
	<segmented>0</segmented>
	<object>
		<name>1000</name>
		<pose>Unspecified</pose>
		<truncated>0</truncated>
		<difficult>0</difficult>
		<occluded>0</occluded>
		<bndbox>
			<xmin>210</xmin>
			<xmax>545</xmax>
			<ymin>141</ymin>
			<ymax>396</ymax>
		</bndbox>
	</object>
</annotation>
