<annotation>
	<folder></folder>
	<filename>001000_61_png.rf.2da22d8ff57888f6c1202b5357899b64.jpg</filename>
	<path>001000_61_png.rf.2da22d8ff57888f6c1202b5357899b64.jpg</path>
	<source>
		<database>roboflow.com</database>
	</source>
	<size>
		<width>640</width>
		<height>640</height>
		<depth>3</depth>
	</size>
	<segmented>0</segmented>
	<object>
		<name>1000</name>
		<pose>Unspecified</pose>
		<truncated>0</truncated>
		<difficult>0</difficult>
		<occluded>0</occluded>
		<bndbox>
			<xmin>282</xmin>
			<xmax>636</xmax>
			<ymin>111</ymin>
			<ymax>557</ymax>
		</bndbox>
	</object>
</annotation>
