<annotation>
	<folder></folder>
	<filename>001000_171_png.rf.8b07f7bfe704a3e57c129d88317151ae.jpg</filename>
	<path>001000_171_png.rf.8b07f7bfe704a3e57c129d88317151ae.jpg</path>
	<source>
		<database>roboflow.com</database>
	</source>
	<size>
		<width>640</width>
		<height>640</height>
		<depth>3</depth>
	</size>
	<segmented>0</segmented>
	<object>
		<name>1000</name>
		<pose>Unspecified</pose>
		<truncated>0</truncated>
		<difficult>0</difficult>
		<occluded>0</occluded>
		<bndbox>
			<xmin>209</xmin>
			<xmax>543</xmax>
			<ymin>133</ymin>
			<ymax>374</ymax>
		</bndbox>
	</object>
</annotation>
