<annotation>
	<folder></folder>
	<filename>002000_18_png.rf.7921347c69f8df4843ddc51c3fef1ccf.jpg</filename>
	<path>002000_18_png.rf.7921347c69f8df4843ddc51c3fef1ccf.jpg</path>
	<source>
		<database>roboflow.com</database>
	</source>
	<size>
		<width>640</width>
		<height>640</height>
		<depth>3</depth>
	</size>
	<segmented>0</segmented>
	<object>
		<name>2000</name>
		<pose>Unspecified</pose>
		<truncated>0</truncated>
		<difficult>0</difficult>
		<occluded>0</occluded>
		<bndbox>
			<xmin>73</xmin>
			<xmax>604</xmax>
			<ymin>80</ymin>
			<ymax>638</ymax>
		</bndbox>
	</object>
</annotation>
