<annotation>
	<folder></folder>
	<filename>002000_181_png.rf.21948b051de23577b9bf7ef0ae259f60.jpg</filename>
	<path>002000_181_png.rf.21948b051de23577b9bf7ef0ae259f60.jpg</path>
	<source>
		<database>roboflow.com</database>
	</source>
	<size>
		<width>640</width>
		<height>640</height>
		<depth>3</depth>
	</size>
	<segmented>0</segmented>
	<object>
		<name>2000</name>
		<pose>Unspecified</pose>
		<truncated>0</truncated>
		<difficult>0</difficult>
		<occluded>0</occluded>
		<bndbox>
			<xmin>37</xmin>
			<xmax>513</xmax>
			<ymin>1</ymin>
			<ymax>497</ymax>
		</bndbox>
	</object>
</annotation>
