<annotation>
	<folder></folder>
	<filename>002000_181_png.rf.286e767fcdc38f98b83021dbb581b607.jpg</filename>
	<path>002000_181_png.rf.286e767fcdc38f98b83021dbb581b607.jpg</path>
	<source>
		<database>roboflow.com</database>
	</source>
	<size>
		<width>640</width>
		<height>640</height>
		<depth>3</depth>
	</size>
	<segmented>0</segmented>
	<object>
		<name>2000</name>
		<pose>Unspecified</pose>
		<truncated>0</truncated>
		<difficult>0</difficult>
		<occluded>0</occluded>
		<bndbox>
			<xmin>145</xmin>
			<xmax>641</xmax>
			<ymin>37</ymin>
			<ymax>476</ymax>
		</bndbox>
	</object>
</annotation>
