<annotation>
	<folder></folder>
	<filename>002000_181_png.rf.37a4e2810f6d423d8821cf88b5a86dfe.jpg</filename>
	<path>002000_181_png.rf.37a4e2810f6d423d8821cf88b5a86dfe.jpg</path>
	<source>
		<database>roboflow.com</database>
	</source>
	<size>
		<width>640</width>
		<height>640</height>
		<depth>3</depth>
	</size>
	<segmented>0</segmented>
	<object>
		<name>2000</name>
		<pose>Unspecified</pose>
		<truncated>0</truncated>
		<difficult>0</difficult>
		<occluded>0</occluded>
		<bndbox>
			<xmin>117</xmin>
			<xmax>639</xmax>
			<ymin>42</ymin>
			<ymax>502</ymax>
		</bndbox>
	</object>
</annotation>
