<annotation>
	<folder></folder>
	<filename>002000_18_png.rf.6f6807fa011764839003004d15c10b34.jpg</filename>
	<path>002000_18_png.rf.6f6807fa011764839003004d15c10b34.jpg</path>
	<source>
		<database>roboflow.com</database>
	</source>
	<size>
		<width>640</width>
		<height>640</height>
		<depth>3</depth>
	</size>
	<segmented>0</segmented>
	<object>
		<name>2000</name>
		<pose>Unspecified</pose>
		<truncated>0</truncated>
		<difficult>0</difficult>
		<occluded>0</occluded>
		<bndbox>
			<xmin>1</xmin>
			<xmax>537</xmax>
			<ymin>65</ymin>
			<ymax>555</ymax>
		</bndbox>
	</object>
</annotation>
