<annotation>
	<folder></folder>
	<filename>002000_19_png.rf.47e1c87398e3e4435883414aa997866e.jpg</filename>
	<path>002000_19_png.rf.47e1c87398e3e4435883414aa997866e.jpg</path>
	<source>
		<database>roboflow.com</database>
	</source>
	<size>
		<width>640</width>
		<height>640</height>
		<depth>3</depth>
	</size>
	<segmented>0</segmented>
	<object>
		<name>2000</name>
		<pose>Unspecified</pose>
		<truncated>0</truncated>
		<difficult>0</difficult>
		<occluded>0</occluded>
		<bndbox>
			<xmin>41</xmin>
			<xmax>503</xmax>
			<ymin>56</ymin>
			<ymax>633</ymax>
		</bndbox>
	</object>
</annotation>
