<annotation>
	<folder></folder>
	<filename>002000_18_png.rf.0c7b9f500ae0ecb3e0561651c042fbc8.jpg</filename>
	<path>002000_18_png.rf.0c7b9f500ae0ecb3e0561651c042fbc8.jpg</path>
	<source>
		<database>roboflow.com</database>
	</source>
	<size>
		<width>640</width>
		<height>640</height>
		<depth>3</depth>
	</size>
	<segmented>0</segmented>
	<object>
		<name>2000</name>
		<pose>Unspecified</pose>
		<truncated>0</truncated>
		<difficult>0</difficult>
		<occluded>0</occluded>
		<bndbox>
			<xmin>102</xmin>
			<xmax>641</xmax>
			<ymin>90</ymin>
			<ymax>577</ymax>
		</bndbox>
	</object>
</annotation>
