<annotation>
	<folder></folder>
	<filename>002000_19_png.rf.93df77820f637b992d276f5ccff9824b.jpg</filename>
	<path>002000_19_png.rf.93df77820f637b992d276f5ccff9824b.jpg</path>
	<source>
		<database>roboflow.com</database>
	</source>
	<size>
		<width>640</width>
		<height>640</height>
		<depth>3</depth>
	</size>
	<segmented>0</segmented>
	<object>
		<name>2000</name>
		<pose>Unspecified</pose>
		<truncated>0</truncated>
		<difficult>0</difficult>
		<occluded>0</occluded>
		<bndbox>
			<xmin>54</xmin>
			<xmax>624</xmax>
			<ymin>135</ymin>
			<ymax>547</ymax>
		</bndbox>
	</object>
</annotation>
